{
    "parent": "minecraft:item/generated",
    "textures": {
        "layer0": "minecraft:item/iron_nugget"
    },
    "overrides": [
        {
            "predicate": {
                "custom_model_data": 1
            },
            "model": "minecraft:custom/trophies/monsters"
        },
        {
            "predicate": {
                "custom_model_data": 2
            },
            "model": "minecraft:custom/trophies/adventure"
        },
        {
            "predicate": {
                "custom_model_data": 3
            },
            "model": "minecraft:custom/trophies/breed"
        },
        {
            "predicate": {
                "custom_model_data": 4
            },
            "model": "minecraft:custom/trophies/diet"
        },
        {
            "predicate": {
                "custom_model_data": 5
            },
            "model": "minecraft:custom/trophies/how"
        }
    ]
}
