{
  "providers": [
    {
      "type": "bitmap",
      "file": "custom/icons/op.png",
      "ascent": 8,
      "height": 8,
      "size": 10.0,
      "oversample": 10.0,
      "chars": ["㊊"]
    },
    {
      "type": "bitmap",
      "file": "custom/icons/logo.png",
      "ascent": 15,
      "height": 24,
      "size": 10.0,
      "oversample": 10.0,
      "chars": ["㊋"]
    },    
    {
      "type": "bitmap",
      "file": "custom/icons/live.png",
      "ascent": 8,
      "height": 9,
      "size": 10.0,
      "oversample": 10.0,
      "chars": ["㊌"]
    }
  ]
}